Id,Supplier ID,Company Name,Description,Address,State,Postal Code,Email Id,URL,Invoice No.,Phone No.,Time
1,4ED4,"Foster, Gregory and Mcintosh",Aliquam vitae laborum ullam rerum voluptas facere tempora dolor consequuntur consequuntur.,***** ***** ***** *****,Tripura,048764,fostergregoryandmcintosh@gmail.com,www.Bahri-Dayalbahri-dayal.com,6048,**********,01:24:38
2,8CB8,"Foster, Gregory and Mcintosh",Aliquam vitae laborum ullam rerum voluptas facere tempora dolor consequuntur consequuntur.,***** ***** ***** *****,Tripura,048764,fostergregoryandmcintosh@yahoo.com,www.Bahri-Dayalbahri-dayal.com,6048,**********,01:24:38
3,0AA1,"Foster, Gregory and Mcintosh",Aliquam vitae laborum ullam rerum voluptas facere tempora dolor consequuntur consequuntur.,***** ***** ***** *****,Tripura,048764,fostergregoryandmcintosh@hotmail.com,www.Bahri-Dayalbahri-dayal.com,6048,**********,01:24:38
4,3EF7,"Foster, Gregory and Mcintosh",Aliquam vitae laborum ullam rerum voluptas facere tempora dolor consequuntur consequuntur.,***** ***** ***** *****,Tripura,048764,fostergregoryandmcintosh@yahoo.com,www.Bahri-Dayalbahri-dayal.com,6048,**********,01:24:38
5,1AE3,"Foster, Gregory and Mcintosh",Aliquam vitae laborum ullam rerum voluptas facere tempora dolor consequuntur consequuntur.,***** ***** ***** *****,Tripura,048764,fostergregoryandmcintosh@gmail.com,www.Bahri-Dayalbahri-dayal.com,6048,**********,01:24:38
6,5BF6,"Foster, Gregory and Mcintosh",Aliquam vitae laborum ullam rerum voluptas facere tempora dolor consequuntur consequuntur.,***** ***** ***** *****,Tripura,048764,fostergregoryandmcintosh@yahoo.com,www.Bahri-Dayalbahri-dayal.com,6048,**********,01:24:38
7,7BC9,"Foster, Gregory and Mcintosh",Aliquam vitae laborum ullam rerum voluptas facere tempora dolor consequuntur consequuntur.,***** ***** ***** *****,Tripura,048764,fostergregoryandmcintosh@hotmail.com,www.Bahri-Dayalbahri-dayal.com,6048,**********,01:24:38
8,3FE3,"Foster, Gregory and Mcintosh",Aliquam vitae laborum ullam rerum voluptas facere tempora dolor consequuntur consequuntur.,***** ***** ***** *****,Tripura,048764,fostergregoryandmcintosh@gmail.com,www.Bahri-Dayalbahri-dayal.com,6048,**********,01:24:38
9,6FD9,"Foster, Gregory and Mcintosh",Aliquam vitae laborum ullam rerum voluptas facere tempora dolor consequuntur consequuntur.,***** ***** ***** *****,Tripura,048764,fostergregoryandmcintosh@hotmail.com,www.Bahri-Dayalbahri-dayal.com,6048,**********,01:24:38
10,6DD8,"Foster, Gregory and Mcintosh",Aliquam vitae laborum ullam rerum voluptas facere tempora dolor consequuntur consequuntur.,***** ***** ***** *****,Tripura,048764,fostergregoryandmcintosh@hotmail.com,www.Bahri-Dayalbahri-dayal.com,6048,**********,01:24:38
11,6BA3,"Foster, Gregory and Mcintosh",Aliquam vitae laborum ullam rerum voluptas facere tempora dolor consequuntur consequuntur.,***** ***** ***** *****,Tripura,048764,fostergregoryandmcintosh@hotmail.com,www.Bahri-Dayalbahri-dayal.com,6048,**********,01:24:38
12,7CB3,"Foster, Gregory and Mcintosh",Aliquam vitae laborum ullam rerum voluptas facere tempora dolor consequuntur consequuntur.,***** ***** ***** *****,Tripura,048764,fostergregoryandmcintosh@hotmail.com,www.Bahri-Dayalbahri-dayal.com,6048,**********,01:24:38
13,1EE3,"Foster, Gregory and Mcintosh",Aliquam vitae laborum ullam rerum voluptas facere tempora dolor consequuntur consequuntur.,***** ***** ***** *****,Tripura,048764,fostergregoryandmcintosh@yahoo.com,www.Bahri-Dayalbahri-dayal.com,6048,**********,01:24:38
14,0AE7,"Foster, Gregory and Mcintosh",Aliquam vitae laborum ullam rerum voluptas facere tempora dolor consequuntur consequuntur.,***** ***** ***** *****,Tripura,048764,fostergregoryandmcintosh@hotmail.com,www.Bahri-Dayalbahri-dayal.com,6048,**********,01:24:38
15,7BD4,"Foster, Gregory and Mcintosh",Aliquam vitae laborum ullam rerum voluptas facere tempora dolor consequuntur consequuntur.,***** ***** ***** *****,Tripura,048764,fostergregoryandmcintosh@yahoo.com,www.Bahri-Dayalbahri-dayal.com,6048,**********,01:24:38
16,9DC9,"Foster, Gregory and Mcintosh",Aliquam vitae laborum ullam rerum voluptas facere tempora dolor consequuntur consequuntur.,***** ***** ***** *****,Tripura,048764,fostergregoryandmcintosh@gmail.com,www.Bahri-Dayalbahri-dayal.com,6048,**********,01:24:38
17,9CE5,"Foster, Gregory and Mcintosh",Aliquam vitae laborum ullam rerum voluptas facere tempora dolor consequuntur consequuntur.,***** ***** ***** *****,Tripura,048764,fostergregoryandmcintosh@yahoo.com,www.Bahri-Dayalbahri-dayal.com,6048,**********,01:24:38
18,1FC0,"Foster, Gregory and Mcintosh",Aliquam vitae laborum ullam rerum voluptas facere tempora dolor consequuntur consequuntur.,***** ***** ***** *****,Tripura,048764,fostergregoryandmcintosh@yahoo.com,www.Bahri-Dayalbahri-dayal.com,6048,**********,01:24:38
19,7DC8,"Foster, Gregory and Mcintosh",Aliquam vitae laborum ullam rerum voluptas facere tempora dolor consequuntur consequuntur.,***** ***** ***** *****,Tripura,048764,fostergregoryandmcintosh@hotmail.com,www.Bahri-Dayalbahri-dayal.com,6048,**********,01:24:38
20,7BD3,"Foster, Gregory and Mcintosh",Aliquam vitae laborum ullam rerum voluptas facere tempora dolor consequuntur consequuntur.,***** ***** ***** *****,Tripura,048764,fostergregoryandmcintosh@gmail.com,www.Bahri-Dayalbahri-dayal.com,6048,**********,01:24:38
21,2AF5,"Foster, Gregory and Mcintosh",Aliquam vitae laborum ullam rerum voluptas facere tempora dolor consequuntur consequuntur.,***** ***** ***** *****,Tripura,048764,fostergregoryandmcintosh@gmail.com,www.Bahri-Dayalbahri-dayal.com,6048,**********,01:24:38
22,9FD0,"Foster, Gregory and Mcintosh",Aliquam vitae laborum ullam rerum voluptas facere tempora dolor consequuntur consequuntur.,***** ***** ***** *****,Tripura,048764,fostergregoryandmcintosh@yahoo.com,www.Bahri-Dayalbahri-dayal.com,6048,**********,01:24:38
23,1FA7,"Foster, Gregory and Mcintosh",Aliquam vitae laborum ullam rerum voluptas facere tempora dolor consequuntur consequuntur.,***** ***** ***** *****,Tripura,048764,fostergregoryandmcintosh@yahoo.com,www.Bahri-Dayalbahri-dayal.com,6048,**********,01:24:38
24,8BC3,"Foster, Gregory and Mcintosh",Aliquam vitae laborum ullam rerum voluptas facere tempora dolor consequuntur consequuntur.,***** ***** ***** *****,Tripura,048764,fostergregoryandmcintosh@hotmail.com,www.Bahri-Dayalbahri-dayal.com,6048,**********,01:24:38
25,0CE9,"Foster, Gregory and Mcintosh",Aliquam vitae laborum ullam rerum voluptas facere tempora dolor consequuntur consequuntur.,***** ***** ***** *****,Tripura,048764,fostergregoryandmcintosh@yahoo.com,www.Bahri-Dayalbahri-dayal.com,6048,**********,01:24:38
26,2FC0,"Foster, Gregory and Mcintosh",Aliquam vitae laborum ullam rerum voluptas facere tempora dolor consequuntur consequuntur.,***** ***** ***** *****,Tripura,048764,fostergregoryandmcintosh@yahoo.com,www.Bahri-Dayalbahri-dayal.com,6048,**********,01:24:38
27,6BC1,"Foster, Gregory and Mcintosh",Aliquam vitae laborum ullam rerum voluptas facere tempora dolor consequuntur consequuntur.,***** ***** ***** *****,Tripura,048764,fostergregoryandmcintosh@yahoo.com,www.Bahri-Dayalbahri-dayal.com,6048,**********,01:24:38
28,8DC6,"Foster, Gregory and Mcintosh",Aliquam vitae laborum ullam rerum voluptas facere tempora dolor consequuntur consequuntur.,***** ***** ***** *****,Tripura,048764,fostergregoryandmcintosh@hotmail.com,www.Bahri-Dayalbahri-dayal.com,6048,**********,01:24:38
29,6AA0,"Foster, Gregory and Mcintosh",Aliquam vitae laborum ullam rerum voluptas facere tempora dolor consequuntur consequuntur.,***** ***** ***** *****,Tripura,048764,fostergregoryandmcintosh@gmail.com,www.Bahri-Dayalbahri-dayal.com,6048,**********,01:24:38
30,0DF4,"Foster, Gregory and Mcintosh",Aliquam vitae laborum ullam rerum voluptas facere tempora dolor consequuntur consequuntur.,***** ***** ***** *****,Tripura,048764,fostergregoryandmcintosh@gmail.com,www.Bahri-Dayalbahri-dayal.com,6048,**********,01:24:38
31,0DB0,"Foster, Gregory and Mcintosh",Aliquam vitae laborum ullam rerum voluptas facere tempora dolor consequuntur consequuntur.,***** ***** ***** *****,Tripura,048764,fostergregoryandmcintosh@hotmail.com,www.Bahri-Dayalbahri-dayal.com,6048,**********,01:24:38
32,5CB1,"Foster, Gregory and Mcintosh",Aliquam vitae laborum ullam rerum voluptas facere tempora dolor consequuntur consequuntur.,***** ***** ***** *****,Tripura,048764,fostergregoryandmcintosh@gmail.com,www.Bahri-Dayalbahri-dayal.com,6048,**********,01:24:38
33,6DF1,"Foster, Gregory and Mcintosh",Aliquam vitae laborum ullam rerum voluptas facere tempora dolor consequuntur consequuntur.,***** ***** ***** *****,Tripura,048764,fostergregoryandmcintosh@hotmail.com,www.Bahri-Dayalbahri-dayal.com,6048,**********,01:24:38
34,0FF0,"Foster, Gregory and Mcintosh",Aliquam vitae laborum ullam rerum voluptas facere tempora dolor consequuntur consequuntur.,***** ***** ***** *****,Tripura,048764,fostergregoryandmcintosh@gmail.com,www.Bahri-Dayalbahri-dayal.com,6048,**********,01:24:38
35,2EB0,"Foster, Gregory and Mcintosh",Aliquam vitae laborum ullam rerum voluptas facere tempora dolor consequuntur consequuntur.,***** ***** ***** *****,Tripura,048764,fostergregoryandmcintosh@gmail.com,www.Bahri-Dayalbahri-dayal.com,6048,**********,01:24:38
36,6EC2,"Foster, Gregory and Mcintosh",Aliquam vitae laborum ullam rerum voluptas facere tempora dolor consequuntur consequuntur.,***** ***** ***** *****,Tripura,048764,fostergregoryandmcintosh@hotmail.com,www.Bahri-Dayalbahri-dayal.com,6048,**********,01:24:38
37,8DC9,"Foster, Gregory and Mcintosh",Aliquam vitae laborum ullam rerum voluptas facere tempora dolor consequuntur consequuntur.,***** ***** ***** *****,Tripura,048764,fostergregoryandmcintosh@gmail.com,www.Bahri-Dayalbahri-dayal.com,6048,**********,01:24:38
38,9FF7,"Foster, Gregory and Mcintosh",Aliquam vitae laborum ullam rerum voluptas facere tempora dolor consequuntur consequuntur.,***** ***** ***** *****,Tripura,048764,fostergregoryandmcintosh@hotmail.com,www.Bahri-Dayalbahri-dayal.com,6048,**********,01:24:38
39,5EB4,"Foster, Gregory and Mcintosh",Aliquam vitae laborum ullam rerum voluptas facere tempora dolor consequuntur consequuntur.,***** ***** ***** *****,Tripura,048764,fostergregoryandmcintosh@hotmail.com,www.Bahri-Dayalbahri-dayal.com,6048,**********,01:24:38
40,8EE0,"Foster, Gregory and Mcintosh",Aliquam vitae laborum ullam rerum voluptas facere tempora dolor consequuntur consequuntur.,***** ***** ***** *****,Tripura,048764,fostergregoryandmcintosh@gmail.com,www.Bahri-Dayalbahri-dayal.com,6048,**********,01:24:38
41,0ED0,"Foster, Gregory and Mcintosh",Aliquam vitae laborum ullam rerum voluptas facere tempora dolor consequuntur consequuntur.,***** ***** ***** *****,Tripura,048764,fostergregoryandmcintosh@gmail.com,www.Bahri-Dayalbahri-dayal.com,6048,**********,01:24:38
42,1DA9,"Foster, Gregory and Mcintosh",Aliquam vitae laborum ullam rerum voluptas facere tempora dolor consequuntur consequuntur.,***** ***** ***** *****,Tripura,048764,fostergregoryandmcintosh@yahoo.com,www.Bahri-Dayalbahri-dayal.com,6048,**********,01:24:38
43,8EB4,"Foster, Gregory and Mcintosh",Aliquam vitae laborum ullam rerum voluptas facere tempora dolor consequuntur consequuntur.,***** ***** ***** *****,Tripura,048764,fostergregoryandmcintosh@yahoo.com,www.Bahri-Dayalbahri-dayal.com,6048,**********,01:24:38
44,6BF4,"Foster, Gregory and Mcintosh",Aliquam vitae laborum ullam rerum voluptas facere tempora dolor consequuntur consequuntur.,***** ***** ***** *****,Tripura,048764,fostergregoryandmcintosh@yahoo.com,www.Bahri-Dayalbahri-dayal.com,6048,**********,01:24:38
45,4DC1,"Foster, Gregory and Mcintosh",Aliquam vitae laborum ullam rerum voluptas facere tempora dolor consequuntur consequuntur.,***** ***** ***** *****,Tripura,048764,fostergregoryandmcintosh@gmail.com,www.Bahri-Dayalbahri-dayal.com,6048,**********,01:24:38
46,7CD8,"Foster, Gregory and Mcintosh",Aliquam vitae laborum ullam rerum voluptas facere tempora dolor consequuntur consequuntur.,***** ***** ***** *****,Tripura,048764,fostergregoryandmcintosh@gmail.com,www.Bahri-Dayalbahri-dayal.com,6048,**********,01:24:38
47,9EE8,"Foster, Gregory and Mcintosh",Aliquam vitae laborum ullam rerum voluptas facere tempora dolor consequuntur consequuntur.,***** ***** ***** *****,Tripura,048764,fostergregoryandmcintosh@gmail.com,www.Bahri-Dayalbahri-dayal.com,6048,**********,01:24:38
48,5EF2,"Foster, Gregory and Mcintosh",Aliquam vitae laborum ullam rerum voluptas facere tempora dolor consequuntur consequuntur.,***** ***** ***** *****,Tripura,048764,fostergregoryandmcintosh@gmail.com,www.Bahri-Dayalbahri-dayal.com,6048,**********,01:24:38
49,8FF9,"Foster, Gregory and Mcintosh",Aliquam vitae laborum ullam rerum voluptas facere tempora dolor consequuntur consequuntur.,***** ***** ***** *****,Tripura,048764,fostergregoryandmcintosh@yahoo.com,www.Bahri-Dayalbahri-dayal.com,6048,**********,01:24:38
50,2BC3,"Foster, Gregory and Mcintosh",Aliquam vitae laborum ullam rerum voluptas facere tempora dolor consequuntur consequuntur.,***** ***** ***** *****,Tripura,048764,fostergregoryandmcintosh@yahoo.com,www.Bahri-Dayalbahri-dayal.com,6048,**********,01:24:38
51,8FE0,"Foster, Gregory and Mcintosh",Aliquam vitae laborum ullam rerum voluptas facere tempora dolor consequuntur consequuntur.,***** ***** ***** *****,Tripura,048764,fostergregoryandmcintosh@hotmail.com,www.Bahri-Dayalbahri-dayal.com,6048,**********,01:24:38
52,4AA5,"Foster, Gregory and Mcintosh",Aliquam vitae laborum ullam rerum voluptas facere tempora dolor consequuntur consequuntur.,***** ***** ***** *****,Tripura,048764,fostergregoryandmcintosh@yahoo.com,www.Bahri-Dayalbahri-dayal.com,6048,**********,01:24:38
53,4EB9,"Foster, Gregory and Mcintosh",Aliquam vitae laborum ullam rerum voluptas facere tempora dolor consequuntur consequuntur.,***** ***** ***** *****,Tripura,048764,fostergregoryandmcintosh@hotmail.com,www.Bahri-Dayalbahri-dayal.com,6048,**********,01:24:38
54,4AD3,"Foster, Gregory and Mcintosh",Aliquam vitae laborum ullam rerum voluptas facere tempora dolor consequuntur consequuntur.,***** ***** ***** *****,Tripura,048764,fostergregoryandmcintosh@hotmail.com,www.Bahri-Dayalbahri-dayal.com,6048,**********,01:24:38
55,4EE1,"Foster, Gregory and Mcintosh",Aliquam vitae laborum ullam rerum voluptas facere tempora dolor consequuntur consequuntur.,***** ***** ***** *****,Tripura,048764,fostergregoryandmcintosh@gmail.com,www.Bahri-Dayalbahri-dayal.com,6048,**********,01:24:38
56,4AF7,"Foster, Gregory and Mcintosh",Aliquam vitae laborum ullam rerum voluptas facere tempora dolor consequuntur consequuntur.,***** ***** ***** *****,Tripura,048764,fostergregoryandmcintosh@yahoo.com,www.Bahri-Dayalbahri-dayal.com,6048,**********,01:24:38
57,7AD1,"Foster, Gregory and Mcintosh",Aliquam vitae laborum ullam rerum voluptas facere tempora dolor consequuntur consequuntur.,***** ***** ***** *****,Tripura,048764,fostergregoryandmcintosh@yahoo.com,www.Bahri-Dayalbahri-dayal.com,6048,**********,01:24:38
58,0EE0,"Foster, Gregory and Mcintosh",Aliquam vitae laborum ullam rerum voluptas facere tempora dolor consequuntur consequuntur.,***** ***** ***** *****,Tripura,048764,fostergregoryandmcintosh@yahoo.com,www.Bahri-Dayalbahri-dayal.com,6048,**********,01:24:38
59,6FA3,"Foster, Gregory and Mcintosh",Aliquam vitae laborum ullam rerum voluptas facere tempora dolor consequuntur consequuntur.,***** ***** ***** *****,Tripura,048764,fostergregoryandmcintosh@yahoo.com,www.Bahri-Dayalbahri-dayal.com,6048,**********,01:24:38
60,8DF9,"Foster, Gregory and Mcintosh",Aliquam vitae laborum ullam rerum voluptas facere tempora dolor consequuntur consequuntur.,***** ***** ***** *****,Tripura,048764,fostergregoryandmcintosh@hotmail.com,www.Bahri-Dayalbahri-dayal.com,6048,**********,01:24:38
61,0EF8,"Foster, Gregory and Mcintosh",Aliquam vitae laborum ullam rerum voluptas facere tempora dolor consequuntur consequuntur.,***** ***** ***** *****,Tripura,048764,fostergregoryandmcintosh@yahoo.com,www.Bahri-Dayalbahri-dayal.com,6048,**********,01:24:38
62,8EE5,"Foster, Gregory and Mcintosh",Aliquam vitae laborum ullam rerum voluptas facere tempora dolor consequuntur consequuntur.,***** ***** ***** *****,Tripura,048764,fostergregoryandmcintosh@gmail.com,www.Bahri-Dayalbahri-dayal.com,6048,**********,01:24:38
63,6BF7,"Foster, Gregory and Mcintosh",Aliquam vitae laborum ullam rerum voluptas facere tempora dolor consequuntur consequuntur.,***** ***** ***** *****,Tripura,048764,fostergregoryandmcintosh@gmail.com,www.Bahri-Dayalbahri-dayal.com,6048,**********,01:24:38
64,5CD1,"Foster, Gregory and Mcintosh",Aliquam vitae laborum ullam rerum voluptas facere tempora dolor consequuntur consequuntur.,***** ***** ***** *****,Tripura,048764,fostergregoryandmcintosh@gmail.com,www.Bahri-Dayalbahri-dayal.com,6048,**********,01:24:38
65,5BD7,"Foster, Gregory and Mcintosh",Aliquam vitae laborum ullam rerum voluptas facere tempora dolor consequuntur consequuntur.,***** ***** ***** *****,Tripura,048764,fostergregoryandmcintosh@hotmail.com,www.Bahri-Dayalbahri-dayal.com,6048,**********,01:24:38
66,8DB0,"Foster, Gregory and Mcintosh",Aliquam vitae laborum ullam rerum voluptas facere tempora dolor consequuntur consequuntur.,***** ***** ***** *****,Tripura,048764,fostergregoryandmcintosh@hotmail.com,www.Bahri-Dayalbahri-dayal.com,6048,**********,01:24:38
67,6BC6,"Foster, Gregory and Mcintosh",Aliquam vitae laborum ullam rerum voluptas facere tempora dolor consequuntur consequuntur.,***** ***** ***** *****,Tripura,048764,fostergregoryandmcintosh@gmail.com,www.Bahri-Dayalbahri-dayal.com,6048,**********,01:24:38
68,0BA3,"Foster, Gregory and Mcintosh",Aliquam vitae laborum ullam rerum voluptas facere tempora dolor consequuntur consequuntur.,***** ***** ***** *****,Tripura,048764,fostergregoryandmcintosh@hotmail.com,www.Bahri-Dayalbahri-dayal.com,6048,**********,01:24:38
69,4FF7,"Foster, Gregory and Mcintosh",Aliquam vitae laborum ullam rerum voluptas facere tempora dolor consequuntur consequuntur.,***** ***** ***** *****,Tripura,048764,fostergregoryandmcintosh@hotmail.com,www.Bahri-Dayalbahri-dayal.com,6048,**********,01:24:38
70,6FF7,"Foster, Gregory and Mcintosh",Aliquam vitae laborum ullam rerum voluptas facere tempora dolor consequuntur consequuntur.,***** ***** ***** *****,Tripura,048764,fostergregoryandmcintosh@gmail.com,www.Bahri-Dayalbahri-dayal.com,6048,**********,01:24:38
71,9BC4,"Foster, Gregory and Mcintosh",Aliquam vitae laborum ullam rerum voluptas facere tempora dolor consequuntur consequuntur.,***** ***** ***** *****,Tripura,048764,fostergregoryandmcintosh@yahoo.com,www.Bahri-Dayalbahri-dayal.com,6048,**********,01:24:38
72,3BC5,"Foster, Gregory and Mcintosh",Aliquam vitae laborum ullam rerum voluptas facere tempora dolor consequuntur consequuntur.,***** ***** ***** *****,Tripura,048764,fostergregoryandmcintosh@gmail.com,www.Bahri-Dayalbahri-dayal.com,6048,**********,01:24:38
73,0FD4,"Foster, Gregory and Mcintosh",Aliquam vitae laborum ullam rerum voluptas facere tempora dolor consequuntur consequuntur.,***** ***** ***** *****,Tripura,048764,fostergregoryandmcintosh@gmail.com,www.Bahri-Dayalbahri-dayal.com,6048,**********,01:24:38
74,5AE1,"Foster, Gregory and Mcintosh",Aliquam vitae laborum ullam rerum voluptas facere tempora dolor consequuntur consequuntur.,***** ***** ***** *****,Tripura,048764,fostergregoryandmcintosh@yahoo.com,www.Bahri-Dayalbahri-dayal.com,6048,**********,01:24:38
75,1FB0,"Foster, Gregory and Mcintosh",Aliquam vitae laborum ullam rerum voluptas facere tempora dolor consequuntur consequuntur.,***** ***** ***** *****,Tripura,048764,fostergregoryandmcintosh@gmail.com,www.Bahri-Dayalbahri-dayal.com,6048,**********,01:24:38
76,3FA4,"Foster, Gregory and Mcintosh",Aliquam vitae laborum ullam rerum voluptas facere tempora dolor consequuntur consequuntur.,***** ***** ***** *****,Tripura,048764,fostergregoryandmcintosh@yahoo.com,www.Bahri-Dayalbahri-dayal.com,6048,**********,01:24:38
77,3BA7,"Foster, Gregory and Mcintosh",Aliquam vitae laborum ullam rerum voluptas facere tempora dolor consequuntur consequuntur.,***** ***** ***** *****,Tripura,048764,fostergregoryandmcintosh@yahoo.com,www.Bahri-Dayalbahri-dayal.com,6048,**********,01:24:38
78,5BA7,"Foster, Gregory and Mcintosh",Aliquam vitae laborum ullam rerum voluptas facere tempora dolor consequuntur consequuntur.,***** ***** ***** *****,Tripura,048764,fostergregoryandmcintosh@yahoo.com,www.Bahri-Dayalbahri-dayal.com,6048,**********,01:24:38
79,2DF2,"Foster, Gregory and Mcintosh",Aliquam vitae laborum ullam rerum voluptas facere tempora dolor consequuntur consequuntur.,***** ***** ***** *****,Tripura,048764,fostergregoryandmcintosh@yahoo.com,www.Bahri-Dayalbahri-dayal.com,6048,**********,01:24:38
80,9BC5,"Foster, Gregory and Mcintosh",Aliquam vitae laborum ullam rerum voluptas facere tempora dolor consequuntur consequuntur.,***** ***** ***** *****,Tripura,048764,fostergregoryandmcintosh@hotmail.com,www.Bahri-Dayalbahri-dayal.com,6048,**********,01:24:38
81,9DF9,"Foster, Gregory and Mcintosh",Aliquam vitae laborum ullam rerum voluptas facere tempora dolor consequuntur consequuntur.,***** ***** ***** *****,Tripura,048764,fostergregoryandmcintosh@gmail.com,www.Bahri-Dayalbahri-dayal.com,6048,**********,01:24:38
82,0BA1,"Foster, Gregory and Mcintosh",Aliquam vitae laborum ullam rerum voluptas facere tempora dolor consequuntur consequuntur.,***** ***** ***** *****,Tripura,048764,fostergregoryandmcintosh@hotmail.com,www.Bahri-Dayalbahri-dayal.com,6048,**********,01:24:38
83,7EB5,"Foster, Gregory and Mcintosh",Aliquam vitae laborum ullam rerum voluptas facere tempora dolor consequuntur consequuntur.,***** ***** ***** *****,Tripura,048764,fostergregoryandmcintosh@gmail.com,www.Bahri-Dayalbahri-dayal.com,6048,**********,01:24:38
84,7BA8,"Foster, Gregory and Mcintosh",Aliquam vitae laborum ullam rerum voluptas facere tempora dolor consequuntur consequuntur.,***** ***** ***** *****,Tripura,048764,fostergregoryandmcintosh@gmail.com,www.Bahri-Dayalbahri-dayal.com,6048,**********,01:24:38
85,9AE5,"Foster, Gregory and Mcintosh",Aliquam vitae laborum ullam rerum voluptas facere tempora dolor consequuntur consequuntur.,***** ***** ***** *****,Tripura,048764,fostergregoryandmcintosh@gmail.com,www.Bahri-Dayalbahri-dayal.com,6048,**********,01:24:38
86,0AD5,"Foster, Gregory and Mcintosh",Aliquam vitae laborum ullam rerum voluptas facere tempora dolor consequuntur consequuntur.,***** ***** ***** *****,Tripura,048764,fostergregoryandmcintosh@yahoo.com,www.Bahri-Dayalbahri-dayal.com,6048,**********,01:24:38
87,0CC0,"Foster, Gregory and Mcintosh",Aliquam vitae laborum ullam rerum voluptas facere tempora dolor consequuntur consequuntur.,***** ***** ***** *****,Tripura,048764,fostergregoryandmcintosh@gmail.com,www.Bahri-Dayalbahri-dayal.com,6048,**********,01:24:38
88,0FB6,"Foster, Gregory and Mcintosh",Aliquam vitae laborum ullam rerum voluptas facere tempora dolor consequuntur consequuntur.,***** ***** ***** *****,Tripura,048764,fostergregoryandmcintosh@yahoo.com,www.Bahri-Dayalbahri-dayal.com,6048,**********,01:24:38
89,6ED2,"Foster, Gregory and Mcintosh",Aliquam vitae laborum ullam rerum voluptas facere tempora dolor consequuntur consequuntur.,***** ***** ***** *****,Tripura,048764,fostergregoryandmcintosh@gmail.com,www.Bahri-Dayalbahri-dayal.com,6048,**********,01:24:38
90,9ED1,"Foster, Gregory and Mcintosh",Aliquam vitae laborum ullam rerum voluptas facere tempora dolor consequuntur consequuntur.,***** ***** ***** *****,Tripura,048764,fostergregoryandmcintosh@yahoo.com,www.Bahri-Dayalbahri-dayal.com,6048,**********,01:24:38
91,2EA3,"Foster, Gregory and Mcintosh",Aliquam vitae laborum ullam rerum voluptas facere tempora dolor consequuntur consequuntur.,***** ***** ***** *****,Tripura,048764,fostergregoryandmcintosh@gmail.com,www.Bahri-Dayalbahri-dayal.com,6048,**********,01:24:38
92,7DE0,"Foster, Gregory and Mcintosh",Aliquam vitae laborum ullam rerum voluptas facere tempora dolor consequuntur consequuntur.,***** ***** ***** *****,Tripura,048764,fostergregoryandmcintosh@hotmail.com,www.Bahri-Dayalbahri-dayal.com,6048,**********,01:24:38
93,6ED8,"Foster, Gregory and Mcintosh",Aliquam vitae laborum ullam rerum voluptas facere tempora dolor consequuntur consequuntur.,***** ***** ***** *****,Tripura,048764,fostergregoryandmcintosh@yahoo.com,www.Bahri-Dayalbahri-dayal.com,6048,**********,01:24:38
94,9AE5,"Foster, Gregory and Mcintosh",Aliquam vitae laborum ullam rerum voluptas facere tempora dolor consequuntur consequuntur.,***** ***** ***** *****,Tripura,048764,fostergregoryandmcintosh@gmail.com,www.Bahri-Dayalbahri-dayal.com,6048,**********,01:24:38
95,4BB9,"Foster, Gregory and Mcintosh",Aliquam vitae laborum ullam rerum voluptas facere tempora dolor consequuntur consequuntur.,***** ***** ***** *****,Tripura,048764,fostergregoryandmcintosh@yahoo.com,www.Bahri-Dayalbahri-dayal.com,6048,**********,01:24:38
96,1CF6,"Foster, Gregory and Mcintosh",Aliquam vitae laborum ullam rerum voluptas facere tempora dolor consequuntur consequuntur.,***** ***** ***** *****,Tripura,048764,fostergregoryandmcintosh@hotmail.com,www.Bahri-Dayalbahri-dayal.com,6048,**********,01:24:38
97,5AD2,"Foster, Gregory and Mcintosh",Aliquam vitae laborum ullam rerum voluptas facere tempora dolor consequuntur consequuntur.,***** ***** ***** *****,Tripura,048764,fostergregoryandmcintosh@yahoo.com,www.Bahri-Dayalbahri-dayal.com,6048,**********,01:24:38
98,3CF7,"Foster, Gregory and Mcintosh",Aliquam vitae laborum ullam rerum voluptas facere tempora dolor consequuntur consequuntur.,***** ***** ***** *****,Tripura,048764,fostergregoryandmcintosh@gmail.com,www.Bahri-Dayalbahri-dayal.com,6048,**********,01:24:38
99,1AF4,"Foster, Gregory and Mcintosh",Aliquam vitae laborum ullam rerum voluptas facere tempora dolor consequuntur consequuntur.,***** ***** ***** *****,Tripura,048764,fostergregoryandmcintosh@hotmail.com,www.Bahri-Dayalbahri-dayal.com,6048,**********,01:24:38
100,3AB5,"Foster, Gregory and Mcintosh",Aliquam vitae laborum ullam rerum voluptas facere tempora dolor consequuntur consequuntur.,***** ***** ***** *****,Tripura,048764,fostergregoryandmcintosh@gmail.com,www.Bahri-Dayalbahri-dayal.com,6048,**********,01:24:38
